{
  "project_info": {
    "project_number": "57228088842",
    "firebase_url": "https://nightreadingmode.firebaseio.com",
    "project_id": "nightreadingmode",
    "storage_bucket": "nightreadingmode.appspot.com"
  },
  "client": [
    {
      "client_info": {
        "mobilesdk_app_id": "1:57228088842:android:95fb92e6670883bd",
        "android_client_info": {
          "package_name": "com.vn.accessibility.bluelightfilter"
        }
      },
      "oauth_client": [
        {
          "client_id": "57228088842-aa0sal3bkc0pdsk0404j36cgd2horfmb.apps.googleusercontent.com",
          "client_type": 3
        }
      ],
      "api_key": [
        {
          "current_key": "AIzaSyCbIjLX_DerMID6n0LMbYj1_OBSbgGktdc"
        }
      ],
      "services": {
        "analytics_service": {
          "status": 1
        },
        "appinvite_service": {
          "status": 1,
          "other_platform_oauth_client": []
        },
        "ads_service": {
          "status": 2
        }
      },
      "admob_app_id": "ca-app-pub-2053514927188607~7485577004"
    }
  ],
  "configuration_version": "1"
}